{"cameraMode":{"drawMode":0,"name":"Shaded","section":"Shading Mode"},"sceneLighting":true,"audioPlay":false,"sceneViewState":{"showFog":true,"showMaterialUpdate":false,"showSkybox":true,"showFlares":true,"showImageEffects":true,"showParticleSystems":true},"in2DMode":false,"pivot":{"x":44.02531433105469,"y":8.44201946258545,"z":48.858646392822269},"rotation":{"x":-0.018899627029895784,"y":-0.9777980446815491,"z":0.18247897922992707,"w":-0.1012725979089737},"size":32.77080154418945,"orthographic":false}